psg_file,reducer,clusterer,n_clusters,n_noise,silhouette,calinski_harabasz,davies_bouldin,purity,confusion_matrix
SC4001E0-PSG.edf,UMAP,KMeans,5,0,0.563482940196991,19186.412109375,0.702056036560528,0.8475471698113207,"[[1883, 0, 94, 20, 0], [3, 0, 49, 6, 0], [2, 0, 144, 104, 0], [1, 0, 0, 219, 0], [0, 0, 124, 1, 0]]"
SC4001E0-PSG.edf,UMAP,HDBSCAN,4,0,0.5860103964805603,13155.857421875,0.5532425381895562,0.8079245283018868,"[[1894, 0, 103, 0, 0], [3, 0, 55, 0, 0], [3, 0, 247, 0, 0], [1, 0, 219, 0, 0], [0, 0, 125, 0, 0]]"
SC4001E0-PSG.edf,PCA,KMeans,5,0,0.35497835842594716,2170.2614429366295,0.882015558126243,0.8369811320754716,"[[1791, 0, 186, 20, 0], [5, 0, 53, 0, 0], [13, 0, 231, 6, 0], [8, 0, 16, 196, 0], [0, 0, 125, 0, 0]]"
SC4001E0-PSG.edf,PCA,HDBSCAN,18,822,-0.17587015396829275,95.35061476046232,1.7576196833505615,0.8927789934354485,"[[1350, 0, 22, 2, 0], [7, 0, 37, 0, 0], [1, 0, 178, 10, 0], [1, 0, 5, 104, 0], [0, 0, 111, 0, 0]]"
SC4001E0-PSG.edf,None,KMeans,5,0,0.1569213130846983,292.9818470824606,1.4887867131922492,0.7539622641509434,"[[1997, 0, 0, 0, 0], [57, 1, 0, 0, 0], [250, 0, 0, 0, 0], [220, 0, 0, 0, 0], [124, 1, 0, 0, 0]]"
SC4001E0-PSG.edf,None,HDBSCAN,2,917,0.12152043075736702,106.69710145786664,3.1387757897267163,0.7530294287362954,"[[1274, 0, 0, 0, 0], [40, 0, 0, 0, 0], [202, 0, 0, 0, 0], [72, 0, 0, 31, 0], [114, 0, 0, 0, 0]]"
SC4012E0-PSG.edf,UMAP,KMeans,5,0,0.5635120272636414,12094.6640625,0.7316707395853819,0.8547368421052631,"[[1778, 0, 48, 0, 0], [8, 0, 84, 0, 0], [2, 0, 658, 0, 0], [0, 0, 96, 0, 0], [2, 0, 174, 0, 0]]"
SC4012E0-PSG.edf,UMAP,HDBSCAN,21,157,0.5271293520927429,2048.3173828125,1.9521110187752293,0.8462681024879317,"[[1621, 0, 48, 0, 0], [8, 0, 84, 0, 0], [2, 0, 658, 0, 0], [0, 0, 96, 0, 0], [2, 0, 174, 0, 0]]"
SC4012E0-PSG.edf,PCA,KMeans,5,0,0.48792488362518255,3290.562762432624,0.8068953152919718,0.7543859649122807,"[[1491, 0, 335, 0, 0], [3, 0, 89, 0, 0], [1, 0, 659, 0, 0], [16, 0, 80, 0, 0], [1, 0, 175, 0, 0]]"
SC4012E0-PSG.edf,PCA,HDBSCAN,32,988,-0.017998280466182938,92.16821787106201,2.3191216316537,0.7040816326530612,"[[657, 0, 194, 0, 0], [1, 0, 86, 0, 0], [0, 0, 654, 0, 0], [2, 0, 93, 0, 0], [1, 0, 174, 0, 0]]"
SC4012E0-PSG.edf,None,KMeans,5,0,0.1680534952266006,644.9973011760756,1.8856616246929874,0.7807017543859649,"[[1642, 0, 184, 0, 0], [13, 0, 79, 0, 0], [77, 0, 583, 0, 0], [7, 0, 89, 0, 0], [48, 0, 128, 0, 0]]"
SC4012E0-PSG.edf,None,HDBSCAN,2,1167,0.07735684644346223,132.2251767449683,2.7248660196983217,0.46999405822935236,"[[791, 0, 0, 0, 0], [65, 0, 0, 0, 0], [582, 0, 0, 0, 0], [84, 0, 0, 0, 0], [161, 0, 0, 0, 0]]"
SC4002E0-PSG.edf,UMAP,KMeans,5,0,0.627747654914856,12465.87109375,0.5218901910480946,0.841696113074205,"[[1767, 0, 117, 1, 0], [2, 0, 57, 0, 0], [4, 0, 337, 32, 0], [7, 0, 13, 278, 0], [0, 0, 215, 0, 0]]"
SC4002E0-PSG.edf,UMAP,HDBSCAN,4,0,0.6238714456558228,8413.658203125,0.4073359996116245,0.7547703180212014,"[[1767, 0, 118, 0, 0], [2, 0, 57, 0, 0], [4, 0, 369, 0, 0], [7, 0, 291, 0, 0], [0, 0, 215, 0, 0]]"
SC4002E0-PSG.edf,PCA,KMeans,5,0,0.38993819555944687,2619.2065709866874,0.8489155381264958,0.742756183745583,"[[1861, 0, 0, 24, 0], [59, 0, 0, 0, 0], [367, 0, 0, 6, 0], [57, 0, 0, 241, 0], [215, 0, 0, 0, 0]]"
SC4002E0-PSG.edf,PCA,HDBSCAN,2,29,0.587199069133046,177.3196871840024,1.6231116970126707,0.6640485540878258,"[[1860, 0, 0, 0, 0], [58, 0, 0, 0, 0], [373, 0, 0, 0, 0], [295, 0, 0, 0, 0], [215, 0, 0, 0, 0]]"
SC4002E0-PSG.edf,None,KMeans,5,0,0.2152730983426751,501.73321201200025,1.505976516444576,0.7508833922261484,"[[1877, 0, 0, 8, 0], [59, 0, 0, 0, 0], [367, 0, 0, 6, 0], [50, 0, 0, 248, 0], [215, 0, 0, 0, 0]]"
SC4002E0-PSG.edf,None,HDBSCAN,4,1394,0.011973597279027826,162.14483190809474,2.5190566086855295,0.8168523676880223,"[[946, 0, 12, 0, 0], [0, 0, 45, 0, 0], [0, 0, 201, 0, 0], [0, 0, 32, 26, 0], [1, 0, 173, 0, 0]]"
SC4011E0-PSG.edf,UMAP,KMeans,5,0,0.6059226393699646,13087.599609375,0.5650417212135552,0.8426124197002142,"[[1782, 0, 72, 2, 0], [4, 0, 103, 2, 0], [9, 0, 474, 79, 0], [0, 0, 0, 105, 0], [1, 0, 169, 0, 0]]"
SC4011E0-PSG.edf,UMAP,HDBSCAN,4,7,0.41465428471565247,2195.33544921875,2.2794131318439903,0.6615384615384615,"[[1849, 0, 0, 0, 0], [109, 0, 0, 0, 0], [562, 0, 0, 0, 0], [105, 0, 0, 0, 0], [170, 0, 0, 0, 0]]"
SC4011E0-PSG.edf,PCA,KMeans,5,0,0.4084847909806732,2997.4788267456565,0.8865610717203074,0.770521056388294,"[[1667, 0, 189, 0, 0], [3, 0, 106, 0, 0], [70, 0, 492, 0, 0], [105, 0, 0, 0, 0], [1, 0, 169, 0, 0]]"
SC4011E0-PSG.edf,PCA,HDBSCAN,2,85,0.43088584001412866,159.79100211362947,1.2848147704207358,0.6525579683474421,"[[1773, 0, 0, 0, 0], [107, 0, 0, 0, 0], [562, 0, 0, 0, 0], [105, 0, 0, 0, 0], [170, 0, 0, 0, 0]]"
SC4011E0-PSG.edf,None,KMeans,5,0,0.19344605553190955,575.4810727097256,1.917462399218064,0.7780157030692363,"[[1692, 0, 164, 0, 0], [15, 0, 94, 0, 0], [74, 0, 488, 0, 0], [0, 0, 105, 0, 0], [5, 0, 165, 0, 0]]"
SC4011E0-PSG.edf,None,HDBSCAN,2,381,0.2134103240237004,70.89636967356961,3.435509067283089,0.6286658405617513,"[[1522, 0, 0, 0, 0], [92, 0, 0, 0, 0], [536, 0, 0, 0, 0], [104, 0, 0, 0, 0], [167, 0, 0, 0, 0]]"
SC4022E0-PSG.edf,UMAP,KMeans,5,0,0.6194822192192078,17484.95703125,0.6576860236182366,0.8447024673439768,"[[1836, 0, 20, 0, 15], [2, 0, 89, 0, 93], [2, 0, 328, 0, 72], [1, 0, 118, 0, 0], [3, 0, 13, 0, 164]]"
SC4022E0-PSG.edf,UMAP,HDBSCAN,3,0,0.8065012097358704,20931.63671875,0.2750288651460811,0.8113207547169812,"[[1836, 0, 35, 0, 0], [2, 0, 182, 0, 0], [2, 0, 400, 0, 0], [1, 0, 118, 0, 0], [3, 0, 177, 0, 0]]"
SC4022E0-PSG.edf,PCA,KMeans,5,0,0.4449124514778659,2212.062872900623,0.7768100577765245,0.6788824383164006,"[[1871, 0, 0, 0, 0], [184, 0, 0, 0, 0], [402, 0, 0, 0, 0], [119, 0, 0, 0, 0], [180, 0, 0, 0, 0]]"
SC4022E0-PSG.edf,PCA,HDBSCAN,2,17,0.6822548336636214,249.81944424456017,1.048407500472153,0.6768893756845564,"[[1854, 0, 0, 0, 0], [184, 0, 0, 0, 0], [402, 0, 0, 0, 0], [119, 0, 0, 0, 0], [180, 0, 0, 0, 0]]"
SC4022E0-PSG.edf,None,KMeans,5,0,0.18576676975977768,413.59042016960274,1.5358835527368082,0.6788824383164006,"[[1871, 0, 0, 0, 0], [184, 0, 0, 0, 0], [402, 0, 0, 0, 0], [119, 0, 0, 0, 0], [180, 0, 0, 0, 0]]"
SC4022E0-PSG.edf,None,HDBSCAN,4,1976,-0.11416150862259518,97.16352763915054,2.447730862759782,0.7538461538461538,"[[420, 0, 0, 0, 5], [0, 0, 0, 0, 83], [0, 0, 0, 5, 99], [0, 0, 0, 27, 0], [0, 0, 0, 0, 141]]"
SC4021E0-PSG.edf,UMAP,KMeans,5,0,0.5576620101928711,11605.4228515625,0.6525760181115933,0.8555634807417974,"[[1855, 0, 52, 0, 0], [3, 0, 91, 0, 0], [1, 0, 544, 0, 0], [0, 0, 95, 0, 0], [8, 0, 155, 0, 0]]"
SC4021E0-PSG.edf,UMAP,HDBSCAN,21,182,0.28655049204826355,1694.8013916015625,1.5916785573836258,0.9424103737604882,"[[1874, 1, 9, 2, 7], [3, 30, 13, 0, 41], [1, 0, 380, 15, 30], [0, 0, 11, 69, 0], [8, 0, 10, 0, 118]]"
SC4021E0-PSG.edf,PCA,KMeans,5,0,0.4182094807938425,2808.6330094765262,0.8087918098014552,0.6800998573466477,"[[1907, 0, 0, 0, 0], [94, 0, 0, 0, 0], [545, 0, 0, 0, 0], [95, 0, 0, 0, 0], [163, 0, 0, 0, 0]]"
SC4021E0-PSG.edf,PCA,HDBSCAN,2,144,0.2019474095367935,117.44956855362433,2.0101600597727853,0.6672932330827067,"[[1775, 0, 0, 0, 0], [94, 0, 0, 0, 0], [543, 0, 0, 0, 0], [85, 0, 0, 0, 0], [163, 0, 0, 0, 0]]"
SC4021E0-PSG.edf,None,KMeans,5,0,0.210468571814594,641.6299757845779,1.5631774686334732,0.7089871611982882,"[[1855, 0, 52, 0, 0], [90, 0, 4, 0, 0], [412, 0, 133, 0, 0], [0, 0, 95, 0, 0], [161, 0, 2, 0, 0]]"
SC4021E0-PSG.edf,None,HDBSCAN,2,1241,0.06790871884416225,105.15186164741107,2.840733651607028,0.6161228406909789,"[[951, 0, 0, 0, 0], [75, 0, 0, 0, 0], [367, 0, 0, 0, 0], [11, 0, 0, 12, 0], [147, 0, 0, 0, 0]]"
SC4031E0-PSG.edf,UMAP,KMeans,5,0,0.5490381717681885,11940.4365234375,0.6733654320934359,0.8312056737588652,"[[1863, 0, 145, 0, 0], [1, 0, 60, 0, 0], [4, 0, 481, 0, 0], [0, 0, 57, 0, 0], [0, 0, 209, 0, 0]]"
SC4031E0-PSG.edf,UMAP,HDBSCAN,28,226,0.5323585867881775,1681.7305908203125,1.9284173148647472,0.9529683885890516,"[[1957, 0, 16, 10, 9], [2, 0, 8, 2, 20], [4, 0, 327, 18, 20], [0, 0, 9, 46, 0], [0, 0, 4, 0, 142]]"
SC4031E0-PSG.edf,PCA,KMeans,5,0,0.4132788449613287,2610.420273596461,0.7555368227821425,0.7294326241134752,"[[1993, 0, 15, 0, 0], [59, 0, 2, 0, 0], [421, 0, 64, 0, 0], [1, 0, 56, 0, 0], [209, 0, 0, 0, 0]]"
SC4031E0-PSG.edf,PCA,HDBSCAN,4,277,0.2206291680423935,173.28667556213531,1.5199161094269447,0.7145104207628785,"[[1798, 0, 0, 0, 0], [57, 0, 0, 0, 0], [446, 0, 7, 7, 0], [5, 0, 5, 12, 0], [206, 0, 0, 0, 0]]"
SC4031E0-PSG.edf,None,KMeans,5,0,0.1972341602708509,515.9942893266727,1.6625926167540932,0.7666666666666667,"[[1680, 0, 328, 0, 0], [0, 0, 61, 0, 0], [3, 0, 482, 0, 0], [0, 0, 57, 0, 0], [0, 0, 209, 0, 0]]"
SC4031E0-PSG.edf,None,HDBSCAN,7,2065,-0.18739643506170062,62.11187352123579,1.9640039365030546,0.7417218543046358,"[[386, 0, 0, 0, 1], [0, 0, 0, 0, 28], [0, 0, 8, 0, 164], [0, 0, 2, 0, 0], [0, 0, 0, 0, 166]]"
SC4032E0-PSG.edf,UMAP,KMeans,5,0,0.5225338339805603,9059.4345703125,0.6865635924804094,0.8543191800878477,"[[1898, 0, 21, 0, 38], [0, 0, 3, 0, 42], [2, 0, 247, 0, 151], [0, 0, 131, 0, 0], [6, 0, 4, 0, 189]]"
SC4032E0-PSG.edf,UMAP,HDBSCAN,16,152,0.3709034025669098,2247.994384765625,2.2755233956635,0.9418604651162791,"[[1911, 0, 14, 0, 14], [0, 0, 2, 0, 37], [1, 0, 261, 0, 38], [0, 0, 33, 85, 0], [6, 0, 5, 0, 173]]"
SC4032E0-PSG.edf,PCA,KMeans,5,0,0.464763016707162,2482.1287705424847,0.7343512845135566,0.7163250366032211,"[[1957, 0, 0, 0, 0], [45, 0, 0, 0, 0], [400, 0, 0, 0, 0], [131, 0, 0, 0, 0], [199, 0, 0, 0, 0]]"
SC4032E0-PSG.edf,PCA,HDBSCAN,2,14,0.6383444544627848,228.6337771257169,0.9675682803382334,0.7148638704930096,"[[1943, 0, 0, 0, 0], [45, 0, 0, 0, 0], [400, 0, 0, 0, 0], [131, 0, 0, 0, 0], [199, 0, 0, 0, 0]]"
SC4032E0-PSG.edf,None,KMeans,5,0,0.21395452655051211,534.740674750361,1.4127874519770984,0.7163250366032211,"[[1957, 0, 0, 0, 0], [45, 0, 0, 0, 0], [400, 0, 0, 0, 0], [131, 0, 0, 0, 0], [199, 0, 0, 0, 0]]"
SC4032E0-PSG.edf,None,HDBSCAN,4,1473,-0.0970590132650229,128.32652975591103,2.276660925063907,0.6513105639396346,"[[820, 0, 0, 0, 0], [36, 0, 0, 0, 0], [222, 0, 0, 0, 0], [6, 0, 0, 0, 0], [175, 0, 0, 0, 0]]"
SC4041E0-PSG.edf,UMAP,KMeans,5,0,0.6495682597160339,21922.05859375,0.5752106042542753,0.7926070038910505,"[[1417, 0, 117, 0, 0], [0, 0, 166, 0, 0], [0, 0, 620, 0, 0], [0, 0, 53, 0, 0], [0, 0, 197, 0, 0]]"
SC4041E0-PSG.edf,UMAP,HDBSCAN,4,0,0.6707268953323364,18338.099609375,0.39745311513250514,0.7926070038910505,"[[1417, 0, 117, 0, 0], [0, 0, 166, 0, 0], [0, 0, 620, 0, 0], [0, 0, 53, 0, 0], [0, 0, 197, 0, 0]]"
SC4041E0-PSG.edf,PCA,KMeans,5,0,0.48977915313842696,3747.020555171301,0.6743601906484991,0.7459143968871595,"[[1379, 0, 155, 0, 0], [4, 0, 162, 0, 0], [82, 0, 538, 0, 0], [52, 0, 1, 0, 0], [0, 0, 197, 0, 0]]"
SC4041E0-PSG.edf,PCA,HDBSCAN,17,686,-0.22938401485815604,116.5008088675084,1.8069403571762654,0.4851380042462845,"[[323, 0, 581, 0, 1], [1, 0, 157, 0, 0], [2, 0, 583, 0, 5], [4, 0, 42, 0, 0], [0, 0, 177, 0, 8]]"
SC4041E0-PSG.edf,None,KMeans,5,0,0.28444633937324293,664.2785688094186,1.450840933312693,0.7221789883268482,"[[1273, 0, 261, 0, 0], [8, 0, 158, 0, 0], [37, 0, 583, 0, 0], [22, 0, 31, 0, 0], [20, 0, 177, 0, 0]]"
SC4041E0-PSG.edf,None,HDBSCAN,4,1036,0.10360925680917542,245.7134269146817,2.5180179699760687,0.7509778357235984,"[[656, 0, 52, 0, 0], [0, 0, 135, 0, 0], [0, 0, 496, 0, 0], [0, 0, 26, 0, 0], [0, 0, 169, 0, 0]]"
SC4042E0-PSG.edf,UMAP,KMeans,5,0,0.6940290331840515,20771.23046875,0.5605543853816521,0.8065902578796562,"[[1676, 0, 33, 0, 64], [0, 0, 73, 0, 64], [1, 0, 445, 0, 68], [0, 0, 95, 0, 0], [0, 0, 142, 0, 131]]"
SC4042E0-PSG.edf,UMAP,HDBSCAN,3,0,0.8175003528594971,25896.962890625,0.2594684933828339,0.7840257879656161,"[[1676, 0, 97, 0, 0], [0, 0, 137, 0, 0], [1, 0, 513, 0, 0], [0, 0, 95, 0, 0], [0, 0, 273, 0, 0]]"
SC4042E0-PSG.edf,PCA,KMeans,5,0,0.47872147527841136,3378.5221412021006,0.7511995761625847,0.7611031518624641,"[[1618, 0, 155, 0, 0], [4, 0, 133, 0, 0], [7, 0, 507, 0, 0], [51, 0, 44, 0, 0], [0, 0, 273, 0, 0]]"
SC4042E0-PSG.edf,PCA,HDBSCAN,2,167,0.32411380253069083,177.0334552131808,1.6049978572771246,0.6175238095238095,"[[1621, 0, 0, 0, 0], [133, 0, 0, 0, 0], [508, 0, 0, 0, 0], [95, 0, 0, 0, 0], [268, 0, 0, 0, 0]]"
SC4042E0-PSG.edf,None,KMeans,5,0,0.2594154004900212,585.6129469874352,1.2926690441750637,0.755730659025788,"[[1597, 0, 176, 0, 0], [1, 0, 136, 0, 0], [1, 0, 513, 0, 0], [19, 0, 76, 0, 0], [0, 0, 273, 0, 0]]"
SC4042E0-PSG.edf,None,HDBSCAN,3,1414,0.06711186234777113,320.62087653221613,2.62885523276397,0.6741654571843251,"[[512, 0, 55, 0, 0], [0, 0, 106, 0, 0], [0, 0, 417, 0, 0], [0, 0, 52, 0, 0], [0, 0, 236, 0, 0]]"
SC4052E0-PSG.edf,UMAP,KMeans,5,0,0.5804345607757568,12427.345703125,0.6513131795723086,0.8225231646471846,"[[1722, 0, 58, 0, 0], [8, 0, 106, 0, 0], [31, 0, 586, 0, 0], [110, 0, 5, 0, 0], [2, 0, 178, 0, 0]]"
SC4052E0-PSG.edf,UMAP,HDBSCAN,32,247,0.40240222215652466,1793.7564697265625,1.3036823164296267,0.9073856975381008,"[[1700, 0, 30, 4, 11], [8, 0, 33, 0, 43], [5, 0, 414, 21, 35], [1, 0, 2, 108, 0], [2, 0, 42, 0, 100]]"
SC4052E0-PSG.edf,PCA,KMeans,5,0,0.5928082879680089,1900.0283882580495,0.48555651978704384,0.6343549536707056,"[[1780, 0, 0, 0, 0], [114, 0, 0, 0, 0], [617, 0, 0, 0, 0], [115, 0, 0, 0, 0], [180, 0, 0, 0, 0]]"
SC4052E0-PSG.edf,PCA,HDBSCAN,2,10,0.74902747965886,337.95496608978624,1.4792090816761168,0.6330472103004292,"[[1770, 0, 0, 0, 0], [114, 0, 0, 0, 0], [617, 0, 0, 0, 0], [115, 0, 0, 0, 0], [180, 0, 0, 0, 0]]"
SC4052E0-PSG.edf,None,KMeans,5,0,0.3207324328302166,491.80838205182016,0.8054604083720193,0.6343549536707056,"[[1780, 0, 0, 0, 0], [114, 0, 0, 0, 0], [617, 0, 0, 0, 0], [115, 0, 0, 0, 0], [180, 0, 0, 0, 0]]"
SC4052E0-PSG.edf,None,HDBSCAN,8,1988,-0.20929450794963428,48.12795205573087,1.9765539143086766,0.6674816625916871,"[[207, 0, 32, 0, 0], [0, 0, 68, 0, 0], [0, 0, 339, 0, 0], [0, 0, 48, 0, 0], [0, 0, 124, 0, 0]]"
SC4051E0-PSG.edf,UMAP,KMeans,5,0,0.5878309607505798,8308.859375,0.6997622077070792,0.8295371050698016,"[[2258, 0, 0, 0, 0], [44, 0, 0, 0, 0], [217, 0, 0, 0, 0], [135, 0, 0, 0, 0], [68, 0, 0, 0, 0]]"
SC4051E0-PSG.edf,UMAP,HDBSCAN,25,200,0.29971885681152344,1717.642333984375,2.1495906869429087,0.9595559080095163,"[[2160, 0, 7, 4, 0], [11, 0, 11, 0, 13], [5, 0, 124, 26, 4], [0, 0, 5, 101, 0], [2, 0, 14, 0, 35]]"
SC4051E0-PSG.edf,PCA,KMeans,5,0,0.3950691800239645,3152.0809401562483,0.8967087528499613,0.8295371050698016,"[[2258, 0, 0, 0, 0], [44, 0, 0, 0, 0], [217, 0, 0, 0, 0], [135, 0, 0, 0, 0], [68, 0, 0, 0, 0]]"
SC4051E0-PSG.edf,PCA,HDBSCAN,3,126,0.09871280612011132,16.491070167065214,14.899944373610737,0.8224191063174114,"[[2135, 0, 0, 0, 0], [43, 0, 0, 0, 0], [216, 0, 0, 0, 0], [135, 0, 0, 0, 0], [67, 0, 0, 0, 0]]"
SC4051E0-PSG.edf,None,KMeans,5,0,0.1691686659689747,457.7181794280633,1.6138443473615915,0.8295371050698016,"[[2258, 0, 0, 0, 0], [44, 0, 0, 0, 0], [217, 0, 0, 0, 0], [135, 0, 0, 0, 0], [68, 0, 0, 0, 0]]"
SC4051E0-PSG.edf,None,HDBSCAN,4,1643,-0.10039052658685096,145.73529438367333,2.7586198378252313,0.6774791473586654,"[[731, 0, 0, 0, 0], [33, 0, 0, 0, 0], [153, 0, 0, 0, 0], [103, 0, 0, 0, 0], [59, 0, 0, 0, 0]]"
SC4061E0-PSG.edf,UMAP,KMeans,5,0,0.5829471945762634,14694.375,0.5934409072368155,0.8833935018050542,"[[1936, 0, 126, 7, 0], [2, 0, 54, 0, 0], [5, 0, 391, 11, 0], [1, 0, 15, 120, 0], [0, 0, 102, 0, 0]]"
SC4061E0-PSG.edf,UMAP,HDBSCAN,5,0,0.6967653632164001,12126.9287109375,0.31245724137969355,0.8913357400722022,"[[1962, 0, 103, 4, 0], [2, 0, 54, 0, 0], [5, 0, 402, 0, 0], [1, 0, 30, 105, 0], [0, 0, 102, 0, 0]]"
SC4061E0-PSG.edf,PCA,KMeans,5,0,0.45760517943782075,2298.213029532604,0.5916220847580884,0.7469314079422382,"[[2069, 0, 0, 0, 0], [56, 0, 0, 0, 0], [407, 0, 0, 0, 0], [136, 0, 0, 0, 0], [102, 0, 0, 0, 0]]"
SC4061E0-PSG.edf,PCA,HDBSCAN,6,196,0.3770221633125984,236.2041571995135,1.2449933180392543,0.7389277389277389,"[[1902, 0, 0, 0, 0], [54, 0, 0, 0, 0], [380, 0, 0, 0, 0], [136, 0, 0, 0, 0], [102, 0, 0, 0, 0]]"
SC4061E0-PSG.edf,None,KMeans,5,0,0.2281313303980441,566.2332511488542,1.1467991580959918,0.7469314079422382,"[[2069, 0, 0, 0, 0], [56, 0, 0, 0, 0], [407, 0, 0, 0, 0], [136, 0, 0, 0, 0], [102, 0, 0, 0, 0]]"
SC4061E0-PSG.edf,None,HDBSCAN,2,87,0.3683430357344899,124.55164438703551,1.7808118513071474,0.7428251956764815,"[[1993, 0, 0, 0, 0], [54, 0, 0, 0, 0], [399, 0, 0, 0, 0], [135, 0, 0, 0, 0], [102, 0, 0, 0, 0]]"
SC4062E0-PSG.edf,UMAP,KMeans,5,0,0.6980810761451721,13168.5087890625,0.4080694225053212,0.8756183745583039,"[[1964, 0, 31, 12, 0], [21, 0, 68, 1, 0], [0, 0, 385, 32, 0], [0, 0, 0, 129, 0], [2, 0, 185, 0, 0]]"
SC4062E0-PSG.edf,UMAP,HDBSCAN,9,2,0.6943312883377075,7759.07568359375,1.160249967001374,0.8857850070721358,"[[1956, 7, 31, 11, 0], [8, 13, 69, 0, 0], [0, 0, 408, 9, 0], [0, 0, 1, 128, 0], [1, 1, 185, 0, 0]]"
SC4062E0-PSG.edf,PCA,KMeans,5,0,0.38990081848457214,2648.9528632886604,0.8618296576590299,0.7091872791519435,"[[2007, 0, 0, 0, 0], [90, 0, 0, 0, 0], [417, 0, 0, 0, 0], [129, 0, 0, 0, 0], [187, 0, 0, 0, 0]]"
SC4062E0-PSG.edf,PCA,HDBSCAN,2,12,0.2736393069769208,231.58208330443188,0.9554873332373539,0.7079488999290277,"[[1995, 0, 0, 0, 0], [90, 0, 0, 0, 0], [417, 0, 0, 0, 0], [129, 0, 0, 0, 0], [187, 0, 0, 0, 0]]"
SC4062E0-PSG.edf,None,KMeans,5,0,0.19901302704391496,625.5329388730219,1.6702469768125856,0.8120141342756184,"[[1938, 0, 52, 17, 0], [75, 0, 15, 0, 0], [169, 0, 232, 16, 0], [1, 0, 0, 128, 0], [169, 0, 18, 0, 0]]"
SC4062E0-PSG.edf,None,HDBSCAN,2,524,0.12356419888041699,193.0608173199025,2.939472719707762,0.6921075455333912,"[[1596, 0, 0, 0, 0], [76, 0, 0, 0, 0], [363, 0, 0, 0, 0], [87, 0, 0, 0, 0], [184, 0, 0, 0, 0]]"
SC4071E0-PSG.edf,UMAP,KMeans,5,0,0.6144148707389832,9373.5048828125,0.538621998398475,0.8323843416370107,"[[1936, 0, 22, 0, 0], [7, 0, 82, 0, 0], [0, 0, 403, 0, 0], [0, 0, 162, 0, 0], [4, 0, 194, 0, 0]]"
SC4071E0-PSG.edf,UMAP,HDBSCAN,4,0,0.7524772882461548,10716.076171875,0.31253338265989994,0.8323843416370107,"[[1936, 0, 22, 0, 0], [7, 0, 82, 0, 0], [0, 0, 403, 0, 0], [0, 0, 162, 0, 0], [4, 0, 194, 0, 0]]"
SC4071E0-PSG.edf,PCA,KMeans,5,0,0.4302515261739815,2264.5787405650644,0.8679546892389769,0.6967971530249111,"[[1958, 0, 0, 0, 0], [89, 0, 0, 0, 0], [403, 0, 0, 0, 0], [162, 0, 0, 0, 0], [198, 0, 0, 0, 0]]"
SC4071E0-PSG.edf,PCA,HDBSCAN,52,1544,-0.27455665439097626,29.350865782482554,1.971348855761963,0.8167456556082149,"[[722, 0, 68, 9, 38], [11, 0, 10, 0, 15], [9, 0, 158, 13, 16], [0, 0, 8, 80, 0], [22, 0, 13, 0, 74]]"
SC4071E0-PSG.edf,None,KMeans,5,0,0.19820857141141066,639.7592512207451,1.579842354435349,0.7419928825622776,"[[1764, 0, 194, 0, 0], [5, 0, 84, 0, 0], [82, 0, 321, 0, 0], [159, 0, 3, 0, 0], [4, 0, 194, 0, 0]]"
SC4071E0-PSG.edf,None,HDBSCAN,6,1861,-0.09082620418527297,125.5319904876855,2.0324137955458523,0.8366701791359326,"[[631, 0, 0, 0, 3], [3, 0, 0, 0, 43], [0, 0, 0, 0, 106], [0, 0, 0, 24, 0], [0, 0, 0, 0, 139]]"
SC4072E0-PSG.edf,UMAP,KMeans,5,0,0.5427951812744141,8580.05859375,0.6584072712160387,0.8133574007220217,"[[1877, 0, 27, 0, 0], [4, 0, 80, 0, 0], [16, 0, 376, 0, 0], [0, 0, 222, 0, 0], [4, 0, 164, 0, 0]]"
SC4072E0-PSG.edf,UMAP,HDBSCAN,3,0,0.7296939492225647,10652.623046875,0.40126099006041677,0.8133574007220217,"[[1877, 0, 27, 0, 0], [4, 0, 80, 0, 0], [16, 0, 376, 0, 0], [0, 0, 222, 0, 0], [4, 0, 164, 0, 0]]"
SC4072E0-PSG.edf,PCA,KMeans,5,0,0.4444712137447296,2396.0557538331504,0.6486061880264594,0.6935018050541516,"[[1735, 0, 0, 169, 0], [84, 0, 0, 0, 0], [390, 0, 0, 2, 0], [36, 0, 0, 186, 0], [168, 0, 0, 0, 0]]"
SC4072E0-PSG.edf,PCA,HDBSCAN,14,662,-0.1742388278862367,149.7770055977585,2.3592866359962565,0.6940227703984819,"[[1383, 0, 0, 4, 0], [79, 0, 0, 0, 0], [375, 0, 0, 0, 0], [27, 0, 0, 80, 0], [160, 0, 0, 0, 0]]"
SC4072E0-PSG.edf,None,KMeans,5,0,0.15907650058044537,498.5231019908982,1.6773114559804092,0.6906137184115524,"[[1895, 0, 9, 0, 0], [74, 0, 10, 0, 0], [374, 0, 18, 0, 0], [222, 0, 0, 0, 0], [168, 0, 0, 0, 0]]"
SC4072E0-PSG.edf,None,HDBSCAN,2,732,0.1798276262648483,173.18454969479504,2.2350615576141606,0.6545632973503435,"[[1334, 0, 0, 0, 0], [67, 0, 0, 0, 0], [305, 0, 0, 0, 0], [171, 0, 0, 0, 0], [161, 0, 0, 0, 0]]"
SC4081E0-PSG.edf,UMAP,KMeans,5,0,0.4745771586894989,7678.09228515625,0.8560438128020407,0.8122317596566524,"[[1922, 0, 0, 63, 0], [37, 0, 0, 31, 0], [3, 0, 0, 259, 0], [1, 0, 0, 349, 0], [5, 0, 0, 126, 0]]"
SC4081E0-PSG.edf,UMAP,HDBSCAN,22,199,0.4972919225692749,2077.199462890625,1.5220112387579665,0.9299191374663073,"[[1935, 6, 2, 4, 11], [27, 18, 2, 0, 7], [19, 0, 98, 60, 7], [2, 0, 11, 274, 0], [8, 0, 16, 0, 90]]"
SC4081E0-PSG.edf,PCA,KMeans,5,0,0.39466373276883343,1978.4606755728705,0.7002395967763191,0.7778969957081545,"[[1978, 0, 0, 7, 0], [68, 0, 0, 0, 0], [262, 0, 0, 0, 0], [153, 0, 0, 197, 0], [131, 0, 0, 0, 0]]"
SC4081E0-PSG.edf,PCA,HDBSCAN,7,430,0.19671234673105975,134.75992295838873,1.3666768445764261,0.7586644125105664,"[[1699, 0, 0, 0, 0], [63, 0, 0, 0, 0], [242, 0, 0, 0, 0], [136, 0, 0, 96, 0], [130, 0, 0, 0, 0]]"
SC4081E0-PSG.edf,None,KMeans,5,0,0.20456695342320008,353.7835302504399,1.4329386310718704,0.7099427753934192,"[[1985, 0, 0, 0, 0], [68, 0, 0, 0, 0], [262, 0, 0, 0, 0], [350, 0, 0, 0, 0], [131, 0, 0, 0, 0]]"
SC4081E0-PSG.edf,None,HDBSCAN,4,2421,-0.2181004570821201,28.076121366337404,2.341382539731943,0.808,"[[237, 8, 0, 0, 3], [0, 15, 0, 0, 9], [0, 0, 0, 0, 31], [0, 0, 0, 0, 21], [0, 0, 0, 0, 51]]"
SC4082E0-PSG.edf,UMAP,KMeans,5,0,0.6358147859573364,15045.1923828125,0.6066228644598652,0.79916476841306,"[[1589, 0, 135, 0, 0], [2, 0, 37, 0, 0], [6, 0, 320, 3, 0], [1, 0, 85, 196, 0], [3, 0, 256, 1, 0]]"
SC4082E0-PSG.edf,UMAP,HDBSCAN,22,254,0.4749595522880554,2801.593505859375,2.5605122772805706,0.9256302521008404,"[[1688, 0, 6, 0, 3], [14, 0, 6, 0, 3], [27, 0, 206, 0, 18], [1, 0, 76, 150, 0], [11, 0, 12, 0, 159]]"
SC4082E0-PSG.edf,PCA,KMeans,5,0,0.5490119368204546,2472.5102155223713,0.6100944931228305,0.7148823082763858,"[[1717, 0, 0, 7, 0], [39, 0, 0, 0, 0], [329, 0, 0, 0, 0], [116, 0, 0, 166, 0], [260, 0, 0, 0, 0]]"
SC4082E0-PSG.edf,PCA,HDBSCAN,2,5,0.7820756153728127,477.35924920387504,3.028226715009636,0.6538607835678966,"[[1719, 0, 0, 0, 0], [39, 0, 0, 0, 0], [329, 0, 0, 0, 0], [282, 0, 0, 0, 0], [260, 0, 0, 0, 0]]"
SC4082E0-PSG.edf,None,KMeans,5,0,0.2943285380554903,647.8133137873971,1.200948542789743,0.7148823082763858,"[[1717, 0, 0, 7, 0], [39, 0, 0, 0, 0], [329, 0, 0, 0, 0], [116, 0, 0, 166, 0], [260, 0, 0, 0, 0]]"
SC4082E0-PSG.edf,None,HDBSCAN,2,17,0.683750105249254,231.46291717890233,1.8989453320982157,0.6522735957202904,"[[1707, 0, 0, 0, 0], [39, 0, 0, 0, 0], [329, 0, 0, 0, 0], [282, 0, 0, 0, 0], [260, 0, 0, 0, 0]]"
SC4091E0-PSG.edf,UMAP,KMeans,5,0,0.6554368138313293,13450.01171875,0.5135508381591989,0.8122254758418741,"[[1665, 0, 74, 0, 0], [0, 0, 19, 0, 0], [13, 0, 554, 0, 0], [0, 0, 172, 0, 0], [1, 0, 234, 0, 0]]"
SC4091E0-PSG.edf,UMAP,HDBSCAN,13,78,0.5888434052467346,3983.794189453125,1.2440309302777894,0.8074604370761115,"[[1578, 0, 83, 0, 0], [0, 0, 19, 0, 0], [2, 0, 565, 0, 0], [0, 0, 172, 0, 0], [0, 0, 235, 0, 0]]"
SC4091E0-PSG.edf,PCA,KMeans,5,0,0.5197535211040524,4750.232033641402,0.6723396981786484,0.7214494875549048,"[[1425, 0, 314, 0, 0], [0, 0, 19, 0, 0], [21, 0, 546, 0, 0], [133, 0, 39, 0, 0], [0, 0, 235, 0, 0]]"
SC4091E0-PSG.edf,PCA,HDBSCAN,2,54,0.38736128396429576,819.7587434149357,2.9682822202754653,0.6321882001493652,"[[1693, 0, 0, 0, 0], [19, 0, 0, 0, 0], [561, 0, 0, 0, 0], [172, 0, 0, 0, 0], [233, 0, 0, 0, 0]]"
SC4091E0-PSG.edf,None,KMeans,5,0,0.1878342813133629,775.9476434255324,1.8549627675387304,0.7024158125915081,"[[1674, 0, 65, 0, 0], [17, 0, 2, 0, 0], [322, 0, 245, 0, 0], [154, 0, 18, 0, 0], [192, 0, 43, 0, 0]]"
SC4091E0-PSG.edf,None,HDBSCAN,4,1470,-0.0313437320221254,221.91145567094787,2.4380469533798284,0.5,"[[215, 0, 278, 0, 0], [0, 0, 17, 0, 0], [0, 0, 416, 0, 0], [0, 0, 133, 0, 0], [0, 0, 203, 0, 0]]"
SC4101E0-PSG.edf,UMAP,KMeans,5,0,0.57511967420578,14252.5283203125,0.6285426656453365,0.8698529411764706,"[[1707, 0, 63, 0, 0], [1, 0, 64, 0, 0], [13, 0, 659, 0, 0], [0, 0, 6, 0, 0], [4, 0, 203, 0, 0]]"
SC4101E0-PSG.edf,UMAP,HDBSCAN,5,0,0.4468514919281006,9180.955078125,0.565035776603634,0.8698529411764706,"[[1707, 0, 63, 0, 0], [1, 0, 64, 0, 0], [13, 0, 659, 0, 0], [0, 0, 6, 0, 0], [4, 0, 203, 0, 0]]"
SC4101E0-PSG.edf,PCA,KMeans,5,0,0.39137946729412126,2528.4568007262137,0.8665610243870011,0.7492647058823529,"[[1551, 0, 219, 0, 0], [0, 0, 65, 0, 0], [185, 0, 487, 0, 0], [6, 0, 0, 0, 0], [11, 0, 196, 0, 0]]"
SC4101E0-PSG.edf,PCA,HDBSCAN,2,160,0.4324974230787111,567.566527046357,2.9828913066332845,0.630078125,"[[1613, 0, 0, 0, 0], [65, 0, 0, 0, 0], [670, 0, 0, 0, 0], [6, 0, 0, 0, 0], [206, 0, 0, 0, 0]]"
SC4101E0-PSG.edf,None,KMeans,5,0,0.2727028000869675,551.3521166233458,1.0926075676964377,0.6507352941176471,"[[1770, 0, 0, 0, 0], [65, 0, 0, 0, 0], [672, 0, 0, 0, 0], [6, 0, 0, 0, 0], [207, 0, 0, 0, 0]]"
SC4101E0-PSG.edf,None,HDBSCAN,3,1550,-0.03413016746654545,147.41403105019606,2.2349860611474313,0.5641025641025641,"[[226, 0, 315, 0, 0], [0, 0, 50, 0, 0], [1, 0, 434, 0, 0], [0, 0, 3, 0, 0], [0, 0, 141, 0, 0]]"
SC4092E0-PSG.edf,UMAP,KMeans,5,0,0.5619266629219055,14144.8828125,0.6895400877260859,0.804408677396781,"[[1786, 0, 95, 0, 0], [3, 0, 78, 0, 0], [3, 0, 513, 0, 0], [2, 0, 107, 0, 0], [1, 0, 270, 0, 0]]"
SC4092E0-PSG.edf,UMAP,HDBSCAN,3,0,0.7785778045654297,17824.966796875,0.3213729679915333,0.804408677396781,"[[1786, 0, 95, 0, 0], [3, 0, 78, 0, 0], [3, 0, 513, 0, 0], [2, 0, 107, 0, 0], [1, 0, 270, 0, 0]]"
SC4092E0-PSG.edf,PCA,KMeans,5,0,0.5195604040806808,4538.152134235033,0.6642934403789422,0.7491252624212736,"[[1633, 0, 248, 0, 0], [4, 0, 77, 0, 0], [8, 0, 508, 0, 0], [49, 0, 60, 0, 0], [2, 0, 269, 0, 0]]"
SC4092E0-PSG.edf,PCA,HDBSCAN,29,1027,-0.11861093022092559,111.19038379436662,1.5299769447719664,0.7919169852539596,"[[1025, 0, 47, 3, 0], [3, 0, 44, 4, 0], [3, 0, 360, 21, 0], [7, 0, 2, 65, 0], [2, 0, 242, 3, 0]]"
SC4092E0-PSG.edf,None,KMeans,5,0,0.2378146257989822,816.0215590961889,1.5847560129027813,0.7232330300909727,"[[1554, 0, 327, 0, 0], [1, 0, 80, 0, 0], [3, 0, 513, 0, 0], [6, 0, 103, 0, 0], [1, 0, 270, 0, 0]]"
SC4092E0-PSG.edf,None,HDBSCAN,5,1891,-0.12793697332280585,158.56383305186864,2.351774192520073,0.500517063081696,"[[161, 0, 139, 0, 0], [0, 0, 43, 0, 0], [0, 0, 323, 0, 0], [0, 0, 75, 0, 0], [0, 0, 226, 0, 0]]"
